[
    {
        "client_msg_id": "23238938-c304-43bc-9d75-c6bc41fd54ff",
        "type": "message",
        "text": "İyi akşamlar arkadaşlar",
        "user": "U02S4892VE3",
        "ts": "1641337188.000300",
        "team": "T02T8HEFFBJ",
        "user_team": "T02T8HEFFBJ",
        "source_team": "T02T8HEFFBJ",
        "user_profile": {
            "avatar_hash": "2316ce81ff21",
            "image_72": "https:\/\/avatars.slack-edge.com\/2022-01-03\/2915541545873_2316ce81ff210ab44739_72.png",
            "first_name": "Muhammed",
            "real_name": "Muhammed Salih Yıldız",
            "display_name": "",
            "team": "T02T8HEFFBJ",
            "name": "muhammedsalihyildiz18",
            "is_restricted": false,
            "is_ultra_restricted": false
        },
        "blocks": [
            {
                "type": "rich_text",
                "block_id": "TtNMw",
                "elements": [
                    {
                        "type": "rich_text_section",
                        "elements": [
                            {
                                "type": "text",
                                "text": "İyi akşamlar arkadaşlar"
                            }
                        ]
                    }
                ]
            }
        ]
    },
    {
        "client_msg_id": "9eb3df32-3e8a-4b1e-9499-44e66599f937",
        "type": "message",
        "text": "<@U02SFTK3961> kusura bakma toplantıdaydım cevap veremedim",
        "user": "U02S4892VE3",
        "ts": "1641337209.000800",
        "team": "T02T8HEFFBJ",
        "user_team": "T02T8HEFFBJ",
        "source_team": "T02T8HEFFBJ",
        "user_profile": {
            "avatar_hash": "2316ce81ff21",
            "image_72": "https:\/\/avatars.slack-edge.com\/2022-01-03\/2915541545873_2316ce81ff210ab44739_72.png",
            "first_name": "Muhammed",
            "real_name": "Muhammed Salih Yıldız",
            "display_name": "",
            "team": "T02T8HEFFBJ",
            "name": "muhammedsalihyildiz18",
            "is_restricted": false,
            "is_ultra_restricted": false
        },
        "blocks": [
            {
                "type": "rich_text",
                "block_id": "3r2YV",
                "elements": [
                    {
                        "type": "rich_text_section",
                        "elements": [
                            {
                                "type": "user",
                                "user_id": "U02SFTK3961"
                            },
                            {
                                "type": "text",
                                "text": " kusura bakma toplantıdaydım cevap veremedim"
                            }
                        ]
                    }
                ]
            }
        ]
    },
    {
        "client_msg_id": "f2bae4e7-df3e-486b-ae77-d6d5c5290703",
        "type": "message",
        "text": "<@U02S4892VE3> problem değil kral",
        "user": "U02SFTK3961",
        "ts": "1641337220.001000",
        "team": "T02T8HEFFBJ",
        "user_team": "T02T8HEFFBJ",
        "source_team": "T02T8HEFFBJ",
        "user_profile": {
            "avatar_hash": "gac35da9856a",
            "image_72": "https:\/\/secure.gravatar.com\/avatar\/ac35da9856aaadd0feb146f212da19af.jpg?s=72&d=https%3A%2F%2Fa.slack-edge.com%2Fdf10d%2Fimg%2Favatars%2Fava_0019-72.png",
            "first_name": "mehmetcangun14",
            "real_name": "mehmetcangun14",
            "display_name": "",
            "team": "T02T8HEFFBJ",
            "name": "mehmetcangun14",
            "is_restricted": false,
            "is_ultra_restricted": false
        },
        "blocks": [
            {
                "type": "rich_text",
                "block_id": "oxL",
                "elements": [
                    {
                        "type": "rich_text_section",
                        "elements": [
                            {
                                "type": "user",
                                "user_id": "U02S4892VE3"
                            },
                            {
                                "type": "text",
                                "text": " problem değil kral"
                            }
                        ]
                    }
                ]
            }
        ]
    },
    {
        "client_msg_id": "52dd09cf-752e-4b51-b082-38b16a2514ef",
        "type": "message",
        "text": "<@U02SFTK3961> yarın müsaitsen bir zoom yapalım sormam gereknler var",
        "user": "U02S4892VE3",
        "ts": "1641337247.001400",
        "team": "T02T8HEFFBJ",
        "user_team": "T02T8HEFFBJ",
        "source_team": "T02T8HEFFBJ",
        "user_profile": {
            "avatar_hash": "2316ce81ff21",
            "image_72": "https:\/\/avatars.slack-edge.com\/2022-01-03\/2915541545873_2316ce81ff210ab44739_72.png",
            "first_name": "Muhammed",
            "real_name": "Muhammed Salih Yıldız",
            "display_name": "",
            "team": "T02T8HEFFBJ",
            "name": "muhammedsalihyildiz18",
            "is_restricted": false,
            "is_ultra_restricted": false
        },
        "blocks": [
            {
                "type": "rich_text",
                "block_id": "fxMq",
                "elements": [
                    {
                        "type": "rich_text_section",
                        "elements": [
                            {
                                "type": "user",
                                "user_id": "U02SFTK3961"
                            },
                            {
                                "type": "text",
                                "text": " yarın müsaitsen bir zoom yapalım sormam gereknler var"
                            }
                        ]
                    }
                ]
            }
        ]
    }
]