[
    {
        "type": "message",
        "subtype": "channel_join",
        "ts": "1641244348.000200",
        "user": "U02SFTK3961",
        "text": "<@U02SFTK3961> has joined the channel"
    },
    {
        "type": "message",
        "subtype": "channel_join",
        "ts": "1641244351.000500",
        "user": "U02S4892VE3",
        "text": "<@U02S4892VE3> has joined the channel",
        "inviter": "U02SFTK3961"
    },
    {
        "type": "message",
        "text": "\/ask *What line of work are you in?*",
        "user": "U02SFTK3961",
        "ts": "1641244499.000600",
        "team": "T02T8HEFFBJ",
        "user_team": "T02T8HEFFBJ",
        "source_team": "T02T8HEFFBJ",
        "user_profile": {
            "avatar_hash": "gac35da9856a",
            "image_72": "https:\/\/secure.gravatar.com\/avatar\/ac35da9856aaadd0feb146f212da19af.jpg?s=72&d=https%3A%2F%2Fa.slack-edge.com%2Fdf10d%2Fimg%2Favatars%2Fava_0019-72.png",
            "first_name": "mehmetcangun14",
            "real_name": "mehmetcangun14",
            "display_name": "",
            "team": "T02T8HEFFBJ",
            "name": "mehmetcangun14",
            "is_restricted": false,
            "is_ultra_restricted": false
        }
    },
    {
        "type": "message",
        "subtype": "bot_message",
        "text": "Your question has been asked. Please wait for random humans to answer it.",
        "ts": "1641244499.000700",
        "bot_id": "B02T8L50H7S"
    },
    {
        "type": "message",
        "text": "\/ask *When do you do morning exercises?*",
        "user": "U02SFTK3961",
        "ts": "1641244547.000800",
        "team": "T02T8HEFFBJ",
        "user_team": "T02T8HEFFBJ",
        "source_team": "T02T8HEFFBJ",
        "user_profile": {
            "avatar_hash": "gac35da9856a",
            "image_72": "https:\/\/secure.gravatar.com\/avatar\/ac35da9856aaadd0feb146f212da19af.jpg?s=72&d=https%3A%2F%2Fa.slack-edge.com%2Fdf10d%2Fimg%2Favatars%2Fava_0019-72.png",
            "first_name": "mehmetcangun14",
            "real_name": "mehmetcangun14",
            "display_name": "",
            "team": "T02T8HEFFBJ",
            "name": "mehmetcangun14",
            "is_restricted": false,
            "is_ultra_restricted": false
        }
    },
    {
        "type": "message",
        "subtype": "bot_message",
        "text": "Your question has been asked. Please wait for random humans to answer it.",
        "ts": "1641244547.000900",
        "bot_id": "B02T8L50H7S"
    },
    {
        "type": "message",
        "text": "\/ask *What do you want to do after you graduate?*",
        "user": "U02SFTK3961",
        "ts": "1641244564.001000",
        "team": "T02T8HEFFBJ",
        "user_team": "T02T8HEFFBJ",
        "source_team": "T02T8HEFFBJ",
        "user_profile": {
            "avatar_hash": "gac35da9856a",
            "image_72": "https:\/\/secure.gravatar.com\/avatar\/ac35da9856aaadd0feb146f212da19af.jpg?s=72&d=https%3A%2F%2Fa.slack-edge.com%2Fdf10d%2Fimg%2Favatars%2Fava_0019-72.png",
            "first_name": "mehmetcangun14",
            "real_name": "mehmetcangun14",
            "display_name": "",
            "team": "T02T8HEFFBJ",
            "name": "mehmetcangun14",
            "is_restricted": false,
            "is_ultra_restricted": false
        }
    },
    {
        "type": "message",
        "subtype": "bot_message",
        "text": "Your question has been asked. Please wait for random humans to answer it.",
        "ts": "1641244564.001100",
        "bot_id": "B02T8L50H7S"
    },
    {
        "type": "message",
        "text": "\/ask *What are you going to do today?*",
        "user": "U02SFTK3961",
        "ts": "1641244619.001200",
        "team": "T02T8HEFFBJ",
        "user_team": "T02T8HEFFBJ",
        "source_team": "T02T8HEFFBJ",
        "user_profile": {
            "avatar_hash": "gac35da9856a",
            "image_72": "https:\/\/secure.gravatar.com\/avatar\/ac35da9856aaadd0feb146f212da19af.jpg?s=72&d=https%3A%2F%2Fa.slack-edge.com%2Fdf10d%2Fimg%2Favatars%2Fava_0019-72.png",
            "first_name": "mehmetcangun14",
            "real_name": "mehmetcangun14",
            "display_name": "",
            "team": "T02T8HEFFBJ",
            "name": "mehmetcangun14",
            "is_restricted": false,
            "is_ultra_restricted": false
        }
    },
    {
        "type": "message",
        "subtype": "bot_message",
        "text": "Your question has been asked. Please wait for random humans to answer it.",
        "ts": "1641244619.001300",
        "bot_id": "B02T8L50H7S"
    },
    {
        "type": "message",
        "text": "\/ask *Have you got a pet?*",
        "user": "U02SFTK3961",
        "ts": "1641244678.001400",
        "team": "T02T8HEFFBJ",
        "user_team": "T02T8HEFFBJ",
        "source_team": "T02T8HEFFBJ",
        "user_profile": {
            "avatar_hash": "gac35da9856a",
            "image_72": "https:\/\/secure.gravatar.com\/avatar\/ac35da9856aaadd0feb146f212da19af.jpg?s=72&d=https%3A%2F%2Fa.slack-edge.com%2Fdf10d%2Fimg%2Favatars%2Fava_0019-72.png",
            "first_name": "mehmetcangun14",
            "real_name": "mehmetcangun14",
            "display_name": "",
            "team": "T02T8HEFFBJ",
            "name": "mehmetcangun14",
            "is_restricted": false,
            "is_ultra_restricted": false
        }
    },
    {
        "type": "message",
        "subtype": "bot_message",
        "text": "Your question has been asked. Please wait for random humans to answer it.",
        "ts": "1641244678.001500",
        "bot_id": "B02T8L50H7S"
    }
]