[
{
    "id": "C02S479CX7Z",
    "name": "general",
    "created": 1641242793,
    "creator": "U02SFTK3961",
    "is_archived": false,
    "is_general": true,
    "members": [
        "U02S4892VE3",
        "U02SFTK3961"
    ],
    "topic": {
        "value": "",
        "creator": "",
        "last_set": 0
    },
    "purpose": {
        "value": "This is the one channel that will always include everyone. It’s a great spot for announcements and team-wide conversations.",
        "creator": "U02SFTK3961",
        "last_set": 1641242793
    }
},
{
    "id": "C02S47N11BR",
    "name": "team-frontend",
    "created": 1641243029,
    "creator": "U02SFTK3961",
    "is_archived": false,
    "is_general": false,
    "members": [
        "U02SFTK3961"
    ],
    "topic": {
        "value": "",
        "creator": "",
        "last_set": 0
    },
    "purpose": {
        "value": "",
        "creator": "",
        "last_set": 0
    }
},
{
    "id": "C02S49XL823",
    "name": "q-a-bot-channel",
    "created": 1641244348,
    "creator": "U02SFTK3961",
    "is_archived": false,
    "is_general": false,
    "members": [
        "U02S4892VE3",
        "U02SFTK3961"
    ],
    "topic": {
        "value": "",
        "creator": "",
        "last_set": 0
    },
    "purpose": {
        "value": "",
        "creator": "",
        "last_set": 0
    }
},
{
    "id": "C02SFTK4EKX",
    "name": "random",
    "created": 1641242793,
    "creator": "U02SFTK3961",
    "is_archived": false,
    "is_general": false,
    "members": [
        "U02S4892VE3",
        "U02SFTK3961"
    ],
    "topic": {
        "value": "",
        "creator": "",
        "last_set": 0
    },
    "purpose": {
        "value": "This channel is for... well, everything else. It’s a place for team jokes, spur-of-the-moment ideas, and funny GIFs. Go wild!",
        "creator": "U02SFTK3961",
        "last_set": 1641242793
    }
},
{
    "id": "C02SK0AB15H",
    "name": "cat-facts-bot",
    "created": 1641244948,
    "creator": "U02SFTK3961",
    "is_archived": false,
    "is_general": false,
    "members": [
        "U02S4892VE3",
        "U02SFTK3961"
    ],
    "topic": {
        "value": "",
        "creator": "",
        "last_set": 0
    },
    "purpose": {
        "value": "",
        "creator": "",
        "last_set": 0
    }
},
{
    "id": "C02SK0M6F8T",
    "name": "news-bot",
    "created": 1641245160,
    "creator": "U02SFTK3961",
    "is_archived": false,
    "is_general": false,
    "members": [
        "U02S4892VE3",
        "U02SFTK3961",
        "U02SG22Q79T"
    ],
    "topic": {
        "value": "",
        "creator": "",
        "last_set": 0
    },
    "purpose": {
        "value": "",
        "creator": "",
        "last_set": 0
    }
},
{
    "id": "C02SM4YHLUU",
    "name": "algorithm",
    "created": 1641243041,
    "creator": "U02SFTK3961",
    "is_archived": false,
    "is_general": false,
    "members": [
        "U02SFTK3961"
    ],
    "topic": {
        "value": "",
        "creator": "",
        "last_set": 0
    },
    "purpose": {
        "value": "",
        "creator": "",
        "last_set": 0
    }
},
{
    "id": "C02T8HK89J4",
    "name": "funny",
    "created": 1641242883,
    "creator": "U02SFTK3961",
    "is_archived": false,
    "is_general": false,
    "members": [
        "U02S4892VE3",
        "U02SFTK3961"
    ],
    "topic": {
        "value": "",
        "creator": "",
        "last_set": 0
    },
    "purpose": {
        "value": "This *channel* is for working on a project. Hold meetings, share docs, and make decisions together with your team.",
        "creator": "U02SFTK3961",
        "last_set": 1641242883
    }
}
]